email,password
loadtest_user01@eshop.com,Test1234!
loadtest_user02@eshop.com,Test1234!
loadtest_user03@eshop.com,Test1234!
loadtest_user04@eshop.com,Test1234!
loadtest_user05@eshop.com,Test1234!
loadtest_user06@eshop.com,Test1234!
loadtest_user07@eshop.com,Test1234!
loadtest_user08@eshop.com,Test1234!
loadtest_user09@eshop.com,Test1234!
loadtest_user10@eshop.com,Test1234!
loadtest_user11@eshop.com,Test1234!
loadtest_user12@eshop.com,Test1234!
loadtest_user13@eshop.com,Test1234!
loadtest_user14@eshop.com,Test1234!
loadtest_user15@eshop.com,Test1234!
loadtest_user16@eshop.com,Test1234!
loadtest_user17@eshop.com,Test1234!
loadtest_user18@eshop.com,Test1234!
loadtest_user19@eshop.com,Test1234!
loadtest_user20@eshop.com,Test1234!
loadtest_user21@eshop.com,Test1234!
loadtest_user22@eshop.com,Test1234!
loadtest_user23@eshop.com,Test1234!
loadtest_user24@eshop.com,Test1234!
loadtest_user25@eshop.com,Test1234!
loadtest_user26@eshop.com,Test1234!
loadtest_user27@eshop.com,Test1234!
loadtest_user28@eshop.com,Test1234!
loadtest_user29@eshop.com,Test1234!
loadtest_user30@eshop.com,Test1234!
loadtest_user31@eshop.com,Test1234!
loadtest_user32@eshop.com,Test1234!
loadtest_user33@eshop.com,Test1234!
loadtest_user34@eshop.com,Test1234!
loadtest_user35@eshop.com,Test1234!
loadtest_user36@eshop.com,Test1234!
loadtest_user37@eshop.com,Test1234!
loadtest_user38@eshop.com,Test1234!
loadtest_user39@eshop.com,Test1234!
loadtest_user40@eshop.com,Test1234!
loadtest_user41@eshop.com,Test1234!
loadtest_user42@eshop.com,Test1234!
loadtest_user43@eshop.com,Test1234!
loadtest_user44@eshop.com,Test1234!
loadtest_user45@eshop.com,Test1234!
loadtest_user46@eshop.com,Test1234!
loadtest_user47@eshop.com,Test1234!
loadtest_user48@eshop.com,Test1234!
loadtest_user49@eshop.com,Test1234!
loadtest_user50@eshop.com,Test1234!
