timestamp_utc,pid,cpu_interval_pct,rss_kib,rss_mib
2026-09-03T09:04:18.911092+00:00,268456,0.201,75204,73.441
2026-09-03T09:04:23.911828+00:00,268456,2.617,76868,75.066
2026-09-03T09:04:28.912739+00:00,268456,5.632,77632,75.812
2026-09-03T09:04:33.913496+00:00,268456,8.448,78216,76.383
2026-09-03T09:04:38.914232+00:00,268456,11.651,81420,79.512
2026-09-03T09:04:43.914927+00:00,268456,12.47,83820,81.855
2026-09-03T09:04:48.915713+00:00,268456,14.511,86260,84.238
2026-09-03T09:04:53.916553+00:00,268456,15.688,86760,84.727
2026-09-03T09:04:58.917438+00:00,268456,22.964,91700,89.551
2026-09-03T09:05:03.918173+00:00,268456,15.511,93048,90.867
2026-09-03T09:05:08.918931+00:00,268456,13.082,93012,90.832
2026-09-03T09:05:13.919803+00:00,268456,12.69,93512,91.32
2026-09-03T09:05:18.920512+00:00,268456,12.089,96048,93.797
2026-09-03T09:05:23.921260+00:00,268456,13.293,99712,97.375
2026-09-03T09:05:28.922037+00:00,268456,11.907,106152,103.664
2026-09-03T09:05:33.922820+00:00,268456,12.314,106248,103.758
2026-09-03T09:05:38.923750+00:00,268456,12.695,108584,106.039
2026-09-03T09:05:43.924610+00:00,268456,13.498,108764,106.215
2026-09-03T09:05:48.925482+00:00,268456,13.291,111220,108.613
2026-09-03T09:05:53.926351+00:00,268456,11.677,111332,108.723
2026-09-03T09:05:58.927037+00:00,268456,11.47,111340,108.73
2026-09-03T09:06:03.927869+00:00,268456,11.674,111524,108.91
2026-09-03T09:06:08.928652+00:00,268456,12.885,111628,109.012
2026-09-03T09:06:13.929840+00:00,268456,12.483,111596,108.98
2026-09-03T09:06:18.930681+00:00,268456,13.878,111800,109.18
2026-09-03T09:06:23.931413+00:00,268456,12.266,111800,109.18
2026-09-03T09:06:28.932151+00:00,268456,13.491,111800,109.18
2026-09-03T09:06:33.932966+00:00,268456,13.306,111800,109.18
2026-09-03T09:06:38.933680+00:00,268456,12.915,111884,109.262
2026-09-03T09:06:43.934626+00:00,268456,16.553,111832,109.211
2026-09-03T09:06:48.935586+00:00,268456,12.918,111968,109.344
2026-09-03T09:06:53.936339+00:00,268456,13.115,111968,109.344
2026-09-03T09:06:58.937100+00:00,268456,13.087,111968,109.344
2026-09-03T09:07:03.937938+00:00,268456,12.692,111968,109.344
2026-09-03T09:07:08.938833+00:00,268456,14.322,111936,109.312
2026-09-03T09:07:13.939673+00:00,268456,13.106,112056,109.43
2026-09-03T09:07:18.940554+00:00,268456,13.706,111832,109.211
2026-09-03T09:07:23.941334+00:00,268456,13.501,111840,109.219
2026-09-03T09:07:28.942184+00:00,268456,12.889,111840,109.219
2026-09-03T09:07:33.942952+00:00,268456,12.694,111840,109.219
2026-09-03T09:07:38.943869+00:00,268456,12.887,111840,109.219
2026-09-03T09:07:43.944852+00:00,268456,13.513,112140,109.512
2026-09-03T09:07:48.945654+00:00,268456,12.674,112140,109.512
2026-09-03T09:07:53.946640+00:00,268456,13.501,112140,109.512
2026-09-03T09:07:58.947561+00:00,268456,12.486,112140,109.512
2026-09-03T09:08:03.948382+00:00,268456,13.305,112140,109.512
2026-09-03T09:08:08.949123+00:00,268456,14.108,112152,109.523
2026-09-03T09:08:13.950182+00:00,268456,13.09,112152,109.523
2026-09-03T09:08:18.951111+00:00,268456,12.879,111892,109.27
2026-09-03T09:08:23.951865+00:00,268456,13.899,111840,109.219
2026-09-03T09:08:28.952630+00:00,268456,12.884,111976,109.352
2026-09-03T09:08:33.953435+00:00,268456,12.881,111976,109.352
2026-09-03T09:08:38.954149+00:00,268456,12.487,111976,109.352
2026-09-03T09:08:43.954910+00:00,268456,13.093,112336,109.703
2026-09-03T09:08:48.955624+00:00,268456,12.892,112376,109.742
2026-09-03T09:08:53.956325+00:00,268456,12.491,112616,109.977
2026-09-03T09:08:58.957198+00:00,268456,14.295,112616,109.977
2026-09-03T09:09:03.958114+00:00,268456,13.09,112460,109.824
2026-09-03T09:09:08.959120+00:00,268456,13.296,112460,109.824
2026-09-03T09:09:13.960038+00:00,268456,13.108,112512,109.875
2026-09-03T09:09:18.960866+00:00,268456,13.301,112472,109.836
2026-09-03T09:09:23.961593+00:00,268456,13.696,112720,110.078
2026-09-03T09:09:28.962311+00:00,268456,13.696,112784,110.141
2026-09-03T09:09:33.963008+00:00,268456,13.892,112896,110.25
2026-09-03T09:09:38.963780+00:00,268456,13.506,112896,110.25
2026-09-03T09:09:43.964684+00:00,268456,11.689,112896,110.25
2026-09-03T09:09:48.965458+00:00,268456,13.105,112896,110.25
2026-09-03T09:09:53.966715+00:00,268456,12.303,112992,110.344
2026-09-03T09:09:58.967928+00:00,268456,12.686,112984,110.336
2026-09-03T09:10:03.969117+00:00,268456,13.71,113108,110.457
2026-09-03T09:10:08.970299+00:00,268456,12.687,113176,110.523
2026-09-03T09:10:13.971540+00:00,268456,12.687,112968,110.32
2026-09-03T09:10:18.973117+00:00,268456,13.518,112504,109.867
2026-09-03T09:10:23.974878+00:00,268456,12.491,112504,109.867
2026-09-03T09:10:28.976243+00:00,268456,12.498,112740,110.098
2026-09-03T09:10:33.977603+00:00,268456,14.111,112740,110.098
2026-09-03T09:10:38.978894+00:00,268456,13.904,112400,109.766
2026-09-03T09:10:43.980160+00:00,268456,12.298,112400,109.766
2026-09-03T09:10:48.981384+00:00,268456,13.29,112764,110.121
2026-09-03T09:10:53.982556+00:00,268456,11.916,112824,110.18
2026-09-03T09:10:58.983788+00:00,268456,12.879,113068,110.418
2026-09-03T09:11:03.985073+00:00,268456,13.291,112840,110.195
2026-09-03T09:11:08.986431+00:00,268456,15.317,112612,109.973
2026-09-03T09:11:13.987966+00:00,268456,13.317,112612,109.973
2026-09-03T09:11:18.989185+00:00,268456,13.703,112616,109.977
2026-09-03T09:11:23.990659+00:00,268456,13.72,112620,109.98
2026-09-03T09:11:28.992008+00:00,268456,12.71,112620,109.98
2026-09-03T09:11:33.993200+00:00,268456,13.093,112848,110.203
2026-09-03T09:11:38.994533+00:00,268456,14.108,112988,110.34
2026-09-03T09:11:43.995719+00:00,268456,15.334,113172,110.52
2026-09-03T09:11:48.997062+00:00,268456,17.733,112660,110.02
2026-09-03T09:11:53.998306+00:00,268456,13.505,112924,110.277
2026-09-03T09:11:58.999545+00:00,268456,13.722,113056,110.406
2026-09-03T09:12:04.000746+00:00,268456,13.298,113068,110.418
2026-09-03T09:12:09.002127+00:00,268456,13.102,113068,110.418
2026-09-03T09:12:14.003498+00:00,268456,13.924,113012,110.363
2026-09-03T09:12:19.005385+00:00,268456,13.71,113008,110.359
2026-09-03T09:12:24.007015+00:00,268456,11.88,113024,110.375
2026-09-03T09:12:29.007947+00:00,268456,13.083,113024,110.375
2026-09-03T09:12:34.008737+00:00,268456,12.478,113024,110.375
2026-09-03T09:12:39.009498+00:00,268456,13.09,113288,110.633
2026-09-03T09:12:44.010279+00:00,268456,14.912,113288,110.633
2026-09-03T09:12:49.011146+00:00,268456,13.315,113288,110.633
2026-09-03T09:12:54.011967+00:00,268456,12.489,113292,110.637
2026-09-03T09:12:59.012752+00:00,268456,12.7,113292,110.637
2026-09-03T09:13:04.013584+00:00,268456,13.493,113056,110.406
2026-09-03T09:13:09.014506+00:00,268456,12.705,113056,110.406
2026-09-03T09:13:14.015439+00:00,268456,15.115,113228,110.574
2026-09-03T09:13:19.016193+00:00,268456,13.72,112844,110.199
2026-09-03T09:13:24.017002+00:00,268456,12.513,112844,110.199
2026-09-03T09:13:29.017856+00:00,268456,13.108,112816,110.172
2026-09-03T09:13:34.018877+00:00,268456,12.3,112860,110.215
2026-09-03T09:13:39.019733+00:00,268456,11.691,112856,110.211
2026-09-03T09:13:44.020661+00:00,268456,13.305,113132,110.48
2026-09-03T09:13:49.021510+00:00,268456,14.509,113132,110.48
2026-09-03T09:13:54.022207+00:00,268456,13.082,113132,110.48
2026-09-03T09:13:59.023046+00:00,268456,13.103,113132,110.48
2026-09-03T09:14:04.024330+00:00,268456,13.103,113132,110.48
2026-09-03T09:14:09.025537+00:00,268456,14.122,112920,110.273
2026-09-03T09:14:14.026907+00:00,268456,12.706,112920,110.273
