timestamp_utc,pid,cpu_percent,rss_kb,threads
2026-08-29T21:57:02.045565+00:00,36260,0.0,67696,11
2026-08-29T21:57:02.275660+00:00,36260,0.0,67696,11
2026-08-29T21:57:02.505282+00:00,36260,0.0,67696,11
2026-08-29T21:57:02.735916+00:00,36260,0.0,67696,11
2026-08-29T21:57:02.961930+00:00,36260,0.0,67696,11
2026-08-29T21:57:03.185019+00:00,36260,0.0,67696,11
2026-08-29T21:57:03.406648+00:00,36260,0.0,67696,11
2026-08-29T21:57:03.633813+00:00,36260,0.0,67696,11
2026-08-29T21:57:03.855875+00:00,36260,0.0,67696,11
